Fund Name,P1,P2,P3,P4,P5,Topsis Score,Rank
M1,0.88,0.77,3.6,57.7,15.74,0.6020019697949599,2.0
M2,0.88,0.77,3.8,41.5,11.74,0.49853451056439535,3.0
M3,0.72,0.52,3.4,50.4,13.76,0.3198834093327636,8.0
M4,0.92,0.85,6.3,46.9,13.74,0.7566186914008336,1.0
M5,0.67,0.45,6.6,37.2,11.23,0.40021546367239685,6.0
M6,0.62,0.38,5.8,56.9,15.93,0.43899834076651517,5.0
M7,0.61,0.37,5.8,60.3,16.77,0.4582229956203576,4.0
M8,0.73,0.53,5.0,44.2,12.62,0.3716486525242638,7.0
